{
  "version": 1,
  "author": "NASYWA ANINDYA QUSSAYYI EFLISASHIDDIQIE",
  "editor": "wokwi",
  "parts": [
    { "type": "board-esp32-devkit-c-v4", "id": "esp", "top": 0, "left": 0, "attrs": {} },
    { "type": "wokwi-led", "id": "led1", "top": 44.4, "left": 157.4, "attrs": { "color": "red" } },
    {
      "type": "wokwi-led",
      "id": "led2",
      "top": 44.4,
      "left": 205.4,
      "attrs": { "color": "yellow" }
    },
    {
      "type": "wokwi-led",
      "id": "led3",
      "top": 44.4,
      "left": 253.4,
      "attrs": { "color": "limegreen" }
    },
    {
      "type": "wokwi-resistor",
      "id": "r1",
      "top": 139.2,
      "left": 162.65,
      "rotate": 90,
      "attrs": { "value": "1000" }
    },
    {
      "type": "wokwi-resistor",
      "id": "r2",
      "top": 139.2,
      "left": 220.25,
      "rotate": 90,
      "attrs": { "value": "1000" }
    },
    {
      "type": "wokwi-resistor",
      "id": "r3",
      "top": 139.2,
      "left": 258.65,
      "rotate": 90,
      "attrs": { "value": "1000" }
    },
    {
      "type": "wokwi-pushbutton",
      "id": "btn1",
      "top": -3.4,
      "left": -172.8,
      "attrs": { "color": "green", "xray": "1" }
    },
    {
      "type": "wokwi-pushbutton",
      "id": "btn2",
      "top": 63.8,
      "left": -172.8,
      "attrs": { "color": "green", "xray": "1" }
    },
    {
      "type": "wokwi-pushbutton",
      "id": "btn3",
      "top": 131,
      "left": -172.8,
      "attrs": { "color": "green", "xray": "1" }
    },
    { "type": "wokwi-junction", "id": "j1", "top": 120, "left": -206.4, "attrs": {} }
  ],
  "connections": [
    [ "esp:TX", "$serialMonitor:RX", "", [] ],
    [ "esp:RX", "$serialMonitor:TX", "", [] ],
    [ "led3:A", "r3:1", "green", [ "v0" ] ],
    [ "led2:A", "r2:1", "green", [ "v0" ] ],
    [ "led1:A", "r1:1", "green", [ "v0" ] ],
    [ "r1:2", "esp:23", "green", [ "h-38.4", "v-135.6" ] ],
    [ "r2:2", "esp:22", "green", [ "v8.4", "h-105.6", "v-134.4" ] ],
    [ "r3:2", "esp:21", "green", [ "v27.6", "h-153.6", "v-124.8" ] ],
    [ "btn1:1.r", "esp:34", "green", [ "h48.2", "v48" ] ],
    [ "btn2:1.r", "esp:35", "green", [ "v0" ] ],
    [ "btn3:1.r", "esp:32", "green", [ "h38.6", "v-67.2" ] ],
    [ "btn3:2.r", "esp:GND.1", "green", [ "v-9.4", "h110.41" ] ],
    [ "btn1:2.r", "j1:J", "green", [ "v19.4", "h-95.8" ] ],
    [ "btn2:2.r", "j1:J", "green", [ "v29", "h-95.8" ] ],
    [ "btn3:2.r", "j1:J", "green", [ "v29", "h-95.8" ] ],
    [ "led1:C", "esp:GND.2", "green", [ "v0" ] ],
    [ "led2:C", "esp:GND.2", "green", [ "v0" ] ],
    [ "led3:C", "esp:GND.2", "green", [ "v0" ] ]
  ],
  "dependencies": {}
}